r_over_R,r_m,chord_m,chord_over_R,beta_deg,phi_deg,alpha_ideal_deg,sweep_deg,toc,camber_m,camber_p,Cl_design,Cd_est,M_rel,M_helical,M_normal,PG_valid,Re_chord,solidity,a_axial,a_tangential,F_prandtl,dT_dr_Npm,dQ_dr_Nmpm
0.28,0.49,4.5281099e-08,2.5874914e-08,76.503418,75.799593,0.70382466,4.7921733,0.2,0.054682259,0.4,0.7,0.0250808,0.78084464,0.78273623,0.78,0,0.27765071,2.3532117e-07,0.0093131309,0.14485567,1e-06,0.0010867403,0.0024737078
0.30826707,0.53946737,0.04196692,0.023981097,75.136389,74.432564,0.70382466,8.8996938,0.18524008,0.054682259,0.4,0.7,0.020564523,0.78760468,0.78950509,0.78,0,259556.9,0.19809889,0.011615468,0.142905,0.78109494,1168.2324,2549.5352
0.33649055,0.58885846,0.058011172,0.033149241,73.789357,73.085532,0.70382466,11.802528,0.17120769,0.054682259,0.4,0.7,0.018889809,0.79481339,0.79684664,0.78,0,362071.22,0.25086544,0.013906506,0.14096391,0.9270916,1816.1746,3890.9891
0.36462693,0.63809712,0.069908559,0.039947748,72.465379,71.761555,0.70382466,14.240984,0.15791376,0.054682259,0.4,0.7,0.017826792,0.80253849,0.80472964,0.78,0,440568.46,0.27898681,0.01629436,0.13894079,0.97487401,2430.5255,5143.4781
0.39263281,0.68710743,0.080292024,0.045881157,71.16726,70.463435,0.70382466,16.409121,0.14536479,0.054682259,0.4,0.7,0.017010272,0.81076219,0.81311914,0.78,0,511190.86,0.29756913,0.018780276,0.13683459,0.99077641,3073.2004,6443.5436
0.42046503,0.73581381,0.091434045,0.052248026,69.887249,69.193712,0.69353624,18.38989,0.13356299,0.05388292,0.4,0.68976748,0.016209804,0.81944388,0.82197697,0.78,0,588361.63,0.31643179,0.021340325,0.13466558,0.99592487,3768.5484,7847.9498
0.44808066,0.78414116,0.10318047,0.058960271,68.634303,67.95465,0.67965298,20.226683,0.12250635,0.052804288,0.4,0.67595967,0.015468864,0.8285501,0.83126218,0.78,0,671326.02,0.33507605,0.023963156,0.13244338,0.99736141,4527.7583,9378.8295
0.47543712,0.83201497,0.11518661,0.065820922,67.414141,66.748241,0.66590002,21.945037,0.11218889,0.051735778,0.4,0.66228144,0.014810335,0.83804208,0.84093156,0.78,0,758027.61,0.3525421,0.026634048,0.13018045,0.99743261,5353.9661,11041.731
0.50249224,0.87936141,0.12743478,0.072819875,66.228502,65.576204,0.65229855,23.561248,0.10260081,0.050679039,0.4,0.64875388,0.014219834,0.84787602,0.85094007,0.78,0,848472.01,0.36902916,0.029335066,0.12789201,0.99690038,6245.5558,12833.73
0.52920428,0.92610749,0.1398695,0.079925431,65.078867,64.439998,0.63886955,25.086393,0.09372869,0.0496357,0.4,0.63539786,0.013687193,0.8580065,0.86124131,0.78,0,942390.3,0.38459334,0.032049054,0.12559257,0.99598351,7198.4199,14746.854
0.55553207,0.97218112,0.15241925,0.087096712,63.966462,63.340829,0.62563373,26.528408,0.085555766,0.048607369,0.4,0.62223396,0.013204743,0.86838696,0.87178791,0.78,0,1039370.3,0.3992388,0.034759882,0.12329581,0.99470653,8206.6917,16769.619
0.58143501,1.0175113,0.16500421,0.094288123,62.892278,62.279667,0.6126115,27.893259,0.078062161,0.047595633,0.4,0.60928249,0.01276649,0.87897009,0.88253197,0.78,0,1138901.9,0.41294853,0.037452616,0.12101438,0.99301572,9263.0469,18887.645
0.60687316,1.062028,0.17753842,0.10145052,61.857084,61.257261,0.59982293,29.185628,0.071225167,0.04660205,0.4,0.59656342,0.01236765,0.88970819,0.89342533,0.78,0,1240386.8,0.42569297,0.040113603,0.11875985,0.99081671,10358.809,21083.875
0.63180729,1.1056628,0.18992927,0.10853101,60.861446,60.274159,0.58728774,30.409337,0.065019527,0.045628154,0.4,0.58409635,0.012004352,0.90055357,0.90441998,0.78,0,1343131.8,0.43743077,0.042730523,0.11654265,0.98798559,11483.96,23338.579
0.65619897,1.1483482,0.20207613,0.11547208,59.905749,59.330724,0.57502527,31.567613,0.05941774,0.044675446,0.4,0.57190052,0.011673429,0.91145876,0.91546826,0.78,0,1446336.1,0.44810682,0.045292396,0.1143721,0.98437123,12627.102,25629.275
0.68001057,1.1900185,0.21386841,0.12221052,58.990211,58.427157,0.56305442,32.663266,0.054390363,0.043745394,0.4,0.55999472,0.011372271,0.92237682,0.92652318,0.78,0,1549074.2,0.45764956,0.047789557,0.11225637,0.9797951,13775.397,27930.596
0.70320538,1.2306094,0.22518363,0.12867636,58.114906,57.563513,0.55139365,33.698798,0.049906334,0.042839434,0.4,0.54839731,0.011098721,0.93326158,0.93753858,0.78,0,1650279.1,0.46596864,0.050213605,0.11020259,0.97405088,14914.51,30214.16
0.72574764,1.2700584,0.23588574,0.13479185,57.279783,56.739723,0.54006093,34.676484,0.045933284,0.041958961,0.4,0.53712618,0.010850991,0.94406784,0.94846938,0.78,0,1748727.2,0.47295314,0.052557339,0.10821685,0.96690502,16028.567,32448.473
0.74760259,1.3083045,0.24582406,0.14047089,56.484682,55.955609,0.52907375,35.598414,0.042437865,0.041105334,0.4,0.5261987,0.010627609,0.95475152,0.95927169,0.78,0,1843028,0.47847104,0.054814666,0.10630432,0.95809886,17100.16,34598.932
0.76873654,1.3452889,0.25483309,0.14561891,55.729353,55.210904,0.51844904,36.466533,0.039386065,0.040279868,0.4,0.51563173,0.010427381,0.96526984,0.96990296,0.78,0,1931620.3,0.48237009,0.056980517,0.10446929,0.94735262,18110.427,36627.963
0.78911688,1.3809545,0.26273342,0.15013338,55.01347,54.505267,0.50820319,37.282661,0.036743527,0.039483837,0.4,0.50544156,0.010249356,0.97558143,0.98032214,0.78,0,2012778.8,0.48448023,0.059050744,0.10271529,0.93437164,19039.225,38495.362
0.80871221,1.4152464,0.26933413,0.15390521,54.336649,53.838297,0.498352,38.048507,0.034475858,0.038718468,0.4,0.4956439,0.010092807,0.98564648,0.99048972,0.78,0,2084633.7,0.4846179,0.061022019,0.10104512,0.91885479,19865.431,40158.872
0.8274923,1.4481115,0.27443659,0.15682091,53.69846,53.209549,0.48891065,38.765678,0.032548927,0.037984941,0.4,0.48625385,0.0099572237,0.99542676,1.0003679,0.78,0,2145203.6,0.482592,0.062891736,0.099460992,0.90050479,20567.368,41575.035
0.84542819,1.4794993,0.27783984,0.15876562,53.098438,52.618544,0.4798937,39.435686,0.03092916,0.037284388,0.4,0.4772859,0.0098423059,1.0048858,1.0099204,0.78,0,2192443.5,0.47821134,0.064657912,0.097964592,0.8790399,21123.37,42700.296
0.86249224,1.5093614,0.27934715,0.15962695,52.536096,52.064781,0.47131506,40.059954,0.029583808,0.036617887,0.4,0.46875388,0.0097479691,1.0139887,1.0191131,0.78,0,2224306.1,0.47129315,0.066319095,0.096557149,0.85420619,21512.447,43492.344
0.87865812,1.5376517,0.27877353,0.15929916,52.010937,51.547749,0.46318796,40.639815,0.028481209,0.035986468,0.4,0.46067094,0.009674362,1.0227026,1.0279133,0.78,0,2238814.4,0.46167214,0.067874272,0.095239519,0.8257895,21715.044,43911.61
0.89390092,1.5643266,0.27595362,0.15768778,51.522457,51.066932,0.45552492,41.176517,0.027591028,0.035391103,0.4,0.45304954,0.0096218977,1.0309964,1.0362903,0.78,0,2234140.3,0.44920934,0.06932278,0.094012265,0.79362588,21713.815,43922.82
0.90819713,1.589345,0.27074954,0.15471402,51.070159,50.621821,0.44833776,41.671221,0.026884475,0.034832711,0.4,0.44590144,0.0095913047,1.0388407,1.0442155,0.78,0,2208685.5,0.43380012,0.070664226,0.092875721,0.75760994,21494.375,43496.511
0.9215247,1.6126682,0.26305792,0.15031881,50.653555,50.211917,0.44163756,42.125007,0.026334502,0.034312153,0.4,0.43923765,0.0095837076,1.0462082,1.051662,0.78,0,2161158.8,0.41538085,0.071898397,0.091830064,0.71770026,21045.974,42610.384
0.93386309,1.6342604,0.2528159,0.14446623,50.272175,49.836741,0.43543466,42.538868,0.025915974,0.033830231,0.4,0.43306846,0.0096007485,1.0530733,1.0586048,0.78,0,2090644.4,0.39393379,0.073025181,0.090875393,0.67392174,20362.043,41250.404
0.94519326,1.6540882,0.24000562,0.13714607,49.925573,49.495834,0.42973862,42.913717,0.025605817,0.033387688,0.4,0.42740337,0.009644776,1.0594122,1.065021,0.78,0,1996657.6,0.36949015,0.074044465,0.0900118,0.62636508,19440.577,39411.595
0.95549776,1.6721211,0.22465712,0.12837549,49.613326,49.188768,0.42455822,43.250385,0.02538313,0.032985207,0.4,0.42225112,0.00971914,1.0652031,1.0708896,0.78,0,1879186.1,0.34213111,0.074956027,0.089239476,0.57518362,18284.352,37098.482
0.96476069,1.6883312,0.20684948,0.1181997,49.335045,48.915144,0.41990145,43.549619,0.02522928,0.032623409,0.4,0.41761965,0.0098286723,1.0704256,1.0761916,0.78,0,1738713.9,0.31198728,0.075759387,0.088558826,0.52058828,16900.973,34325.201
0.97296777,1.7026936,0.18671049,0.10669171,49.090373,48.674598,0.41577549,43.812087,0.025127952,0.03230285,0.4,0.41351611,0.0099805061,1.0750611,1.08091,0.78,0,1576228.1,0.2792366,0.076453584,0.087970665,0.46284128,15302.762,31115.267
0.98010634,1.7151861,0.16441479,0.093951306,48.87899,48.466804,0.4121867,44.038378,0.025065175,0.032024026,0.4,0.40994683,0.010185564,1.0790919,1.0850297,0.78,0,1393209.7,0.2441011,0.07703682,0.087476516,0.40224918,13506.518,27501.076
0.9861654,1.7257895,0.14018065,0.080103226,48.700614,48.291473,0.40914062,44.228998,0.025029311,0.031787367,0.4,0.4069173,0.010461491,1.0825009,1.0885376,0.78,0,1191608.3,0.20684278,0.077505772,0.087079195,0.33915582,11533.173,23523.15
0.99113561,1.7344873,0.11426577,0.065294727,48.555003,48.148362,0.40664194,44.384378,0.025011009,0.031593237,0.4,0.4044322,0.010839092,1.0852702,1.0914229,0.78,0,973803.25,0.16775874,0.077854132,0.086784046,0.27393552,9407.3915,19229.163
0.99500929,1.7412663,0.086962003,0.049692573,48.44196,48.037265,0.40469451,44.504866,0.025003111,0.031441936,0.4,0.40249536,0.011378832,1.087377,1.0936763,0.78,0,742552.01,0.1271758,0.078068897,0.086602085,0.20698676,7157.1546,14672.758
0.99778048,1.7461158,0.058589131,0.033479503,48.361326,47.958025,0.40330135,44.590735,0.025000523,0.031333697,0.4,0.40110976,0.012224497,1.088782,1.0952909,0.78,0,500927.84,0.0854445,0.078118338,0.086560196,0.13872643,4813.4865,9912.0109
0.99944491,1.7490286,0.029487486,0.016849992,48.312991,47.910526,0.40246459,44.642179,0.025000025,0.031268686,0.4,0.40027755,0.013876347,1.0893669,1.0962617,0.78,0,252248.81,0.042931984,0.077890787,0.08675299,0.069584622,2410.8995,5006.8198
1,1.75,4.2442499e-07,2.4252856e-07,48.296887,47.894701,0.40218552,44.659314,0.025,0.031247005,0.4,0.4,0.016500347,1.0890918,1.0965856,0.78,0,3.6297993,6.1759392e-07,0.077349679,0.087211446,1e-06,0.034408151,0.072417424
