iteration,continuity,x_velocity,y_velocity,z_velocity,energy,k,omega
1,1.0000e+00,2.4662e-04,2.4688e-04,1.0322e-07,2.7083e-04,8.8205e-02,4.1974e-02
2,7.1727e-01,2.1916e-04,2.1908e-04,4.6803e-05,1.9495e-04,7.0441e-02,3.7995e-02
3,5.1769e-01,1.7674e-04,1.7738e-04,4.2865e-05,1.6341e-04,5.1422e-02,3.4736e-02
4,4.1897e-01,1.5298e-04,1.5330e-04,4.3128e-05,1.3785e-04,4.3761e-02,3.2197e-02
5,3.6655e-01,1.3786e-04,1.3810e-04,4.3052e-05,1.2135e-04,3.9329e-02,2.9998e-02
6,3.3622e-01,1.2773e-04,1.2789e-04,4.3152e-05,1.1250e-04,3.5916e-02,2.8049e-02
7,3.1260e-01,1.2069e-04,1.2089e-04,4.3545e-05,1.0982e-04,3.2745e-02,2.6279e-02
8,2.9187e-01,1.1560e-04,1.1577e-04,4.4085e-05,1.1039e-04,2.9674e-02,2.4673e-02
9,2.7536e-01,1.1152e-04,1.1163e-04,4.4554e-05,1.1112e-04,2.6752e-02,2.3222e-02
10,2.6518e-01,1.0820e-04,1.0818e-04,4.4998e-05,1.1149e-04,2.4122e-02,2.1945e-02
11,2.6073e-01,1.0552e-04,1.0534e-04,4.5648e-05,1.1162e-04,2.1814e-02,2.0775e-02
12,2.5805e-01,1.0326e-04,1.0306e-04,4.6649e-05,1.1197e-04,1.9764e-02,1.9697e-02
13,2.5450e-01,1.0140e-04,1.0120e-04,4.8076e-05,1.1247e-04,1.8034e-02,1.8694e-02
14,2.4955e-01,9.9785e-05,9.9703e-05,4.9944e-05,1.1303e-04,1.6640e-02,1.7759e-02
15,2.4388e-01,9.8258e-05,9.8230e-05,5.1854e-05,1.1370e-04,1.5537e-02,1.6887e-02
16,2.3856e-01,9.6836e-05,9.6813e-05,5.3448e-05,1.1460e-04,1.4610e-02,1.6067e-02
17,2.3421e-01,9.5397e-05,9.5472e-05,5.4608e-05,1.1583e-04,1.3762e-02,1.5291e-02
18,2.3126e-01,9.4165e-05,9.4231e-05,5.5382e-05,1.1729e-04,1.2884e-02,1.4549e-02
19,2.2964e-01,9.2989e-05,9.3069e-05,5.5901e-05,1.1824e-04,1.1778e-02,1.3814e-02
20,2.3112e-01,9.1948e-05,9.1916e-05,5.6259e-05,1.1915e-04,1.0814e-02,1.3042e-02
21,2.3304e-01,9.1016e-05,9.0956e-05,5.6647e-05,1.1942e-04,9.9023e-03,1.2408e-02
22,2.3491e-01,9.0209e-05,9.0060e-05,5.7117e-05,1.1925e-04,9.0415e-03,1.1805e-02
23,2.3598e-01,8.9367e-05,8.9192e-05,5.7683e-05,1.1876e-04,8.2520e-03,1.1234e-02
24,2.3603e-01,8.8536e-05,8.8353e-05,5.8170e-05,1.1810e-04,7.5482e-03,1.0694e-02
25,2.3514e-01,8.7725e-05,8.7557e-05,5.8787e-05,1.1742e-04,6.9125e-03,1.0186e-02
26,2.3335e-01,8.6922e-05,8.6775e-05,5.9355e-05,1.1679e-04,6.3546e-03,9.7074e-03
27,2.3069e-01,8.6126e-05,8.6008e-05,5.9857e-05,1.1612e-04,5.8704e-03,9.2579e-03
28,2.2748e-01,8.5308e-05,8.5190e-05,6.0260e-05,1.1537e-04,5.4548e-03,8.8343e-03
29,2.2394e-01,8.4482e-05,8.4358e-05,6.0617e-05,1.1465e-04,5.1010e-03,8.4384e-03
30,2.2015e-01,8.3659e-05,8.3524e-05,6.0890e-05,1.1390e-04,4.7955e-03,8.0750e-03
31,2.1638e-01,8.2825e-05,8.2726e-05,6.1037e-05,1.1297e-04,4.5273e-03,7.7232e-03
32,2.1268e-01,8.1955e-05,8.1851e-05,6.1082e-05,1.1195e-04,4.2958e-03,7.3920e-03
33,2.0924e-01,8.1092e-05,8.0977e-05,6.1067e-05,1.1093e-04,4.0897e-03,7.0804e-03
34,2.0634e-01,8.0218e-05,8.0073e-05,6.0973e-05,1.0983e-04,3.9122e-03,6.7858e-03
35,2.0334e-01,7.9322e-05,7.9147e-05,6.0785e-05,1.0871e-04,3.7556e-03,6.5062e-03
36,2.0048e-01,7.8406e-05,7.8208e-05,6.0494e-05,1.0761e-04,3.6164e-03,6.2411e-03
37,1.9759e-01,7.7502e-05,7.7300e-05,6.0161e-05,1.0648e-04,3.4952e-03,5.9891e-03
38,1.9458e-01,7.6591e-05,7.6371e-05,5.9772e-05,1.0536e-04,3.3916e-03,5.7497e-03
39,1.9160e-01,7.5710e-05,7.5433e-05,5.9312e-05,1.0423e-04,3.3020e-03,5.5229e-03
40,1.8858e-01,7.4788e-05,7.4511e-05,5.8794e-05,1.0315e-04,3.2306e-03,5.3065e-03
41,1.8538e-01,7.3873e-05,7.3607e-05,5.8227e-05,1.0202e-04,3.1701e-03,5.0997e-03
42,1.8207e-01,7.2993e-05,7.2727e-05,5.7635e-05,1.0092e-04,3.1221e-03,4.9019e-03
43,1.7869e-01,7.2154e-05,7.1889e-05,5.7001e-05,9.9862e-05,3.0885e-03,4.7154e-03
44,1.7525e-01,7.1374e-05,7.1108e-05,5.6329e-05,9.8868e-05,3.0663e-03,4.5343e-03
45,1.7167e-01,7.0698e-05,7.0430e-05,5.5663e-05,9.7887e-05,3.0315e-03,4.3612e-03
46,1.6788e-01,7.0147e-05,6.9915e-05,5.4979e-05,9.6898e-05,3.0056e-03,4.1952e-03
47,1.6400e-01,6.9720e-05,6.9489e-05,5.4274e-05,9.5935e-05,2.9911e-03,4.0364e-03
48,1.6014e-01,6.9346e-05,6.9087e-05,5.3555e-05,9.4981e-05,2.9881e-03,3.8844e-03
49,1.5634e-01,6.8928e-05,6.8685e-05,5.2820e-05,9.4005e-05,2.9936e-03,3.7390e-03
50,1.5276e-01,6.8489e-05,6.8256e-05,5.2064e-05,9.3007e-05,3.0121e-03,3.6005e-03
51,1.4934e-01,6.8016e-05,6.7795e-05,5.1289e-05,9.2001e-05,3.0403e-03,3.4666e-03
52,1.4617e-01,6.7507e-05,6.7306e-05,5.0514e-05,9.0968e-05,3.0796e-03,3.3381e-03
53,1.4354e-01,6.6969e-05,6.6786e-05,4.9736e-05,8.9910e-05,3.1285e-03,3.2147e-03
54,1.4171e-01,6.6388e-05,6.6216e-05,4.8950e-05,8.8807e-05,3.1935e-03,3.0961e-03
55,1.4052e-01,6.5768e-05,6.5600e-05,4.8188e-05,8.7697e-05,3.2666e-03,2.9821e-03
56,1.3972e-01,6.5118e-05,6.4954e-05,4.7418e-05,8.6534e-05,3.3494e-03,2.8729e-03
57,1.3903e-01,6.4419e-05,6.4269e-05,4.6669e-05,8.5336e-05,3.4379e-03,2.7679e-03
58,1.3840e-01,6.3695e-05,6.3561e-05,4.5926e-05,8.4155e-05,3.5299e-03,2.6671e-03
59,1.3774e-01,6.2947e-05,6.2828e-05,4.5197e-05,8.2919e-05,3.6293e-03,2.5703e-03
60,1.3704e-01,6.2184e-05,6.2080e-05,4.4470e-05,8.1650e-05,3.7302e-03,2.4780e-03
61,6.0341e-01,1.1309e-04,1.1337e-04,9.2267e-05,2.4106e-04,4.0949e-02,1.2750e-02
62,4.6501e-01,9.6348e-05,9.6379e-05,7.8036e-05,1.8876e-04,2.9707e-02,9.8258e-03
63,3.9026e-01,8.6282e-05,8.6168e-05,6.9319e-05,1.5921e-04,2.1713e-02,7.9267e-03
64,3.4373e-01,7.9917e-05,7.9729e-05,6.3653e-05,1.4142e-04,1.6922e-02,6.6153e-03
65,3.0968e-01,7.5751e-05,7.5549e-05,5.9810e-05,1.3001e-04,1.4157e-02,5.7306e-03
66,2.8341e-01,7.2799e-05,7.2560e-05,5.7053e-05,1.2197e-04,1.2647e-02,5.1162e-03
67,2.6367e-01,7.0584e-05,7.0295e-05,5.4886e-05,1.1606e-04,1.1756e-02,4.6507e-03
68,2.4825e-01,6.8641e-05,6.8466e-05,5.3128e-05,1.1144e-04,1.1180e-02,4.2729e-03
69,2.3624e-01,6.6987e-05,6.6813e-05,5.1668e-05,1.0779e-04,1.0788e-02,3.9553e-03
70,2.2658e-01,6.5522e-05,6.5347e-05,5.0426e-05,1.0478e-04,1.0490e-02,3.6860e-03
71,2.1845e-01,6.4226e-05,6.4059e-05,4.9351e-05,1.0228e-04,1.0240e-02,3.4516e-03
72,2.1149e-01,6.3064e-05,6.2882e-05,4.8431e-05,1.0011e-04,9.9905e-03,3.2432e-03
73,2.0522e-01,6.2030e-05,6.1773e-05,4.7623e-05,9.8216e-05,9.7461e-03,3.0636e-03
74,1.9946e-01,6.1016e-05,6.0755e-05,4.6904e-05,9.6559e-05,9.5101e-03,2.8911e-03
75,1.9420e-01,6.0067e-05,5.9824e-05,4.6251e-05,9.4877e-05,9.2821e-03,2.7326e-03
76,1.8925e-01,5.9218e-05,5.8991e-05,4.5651e-05,9.3215e-05,9.0512e-03,2.5858e-03
77,1.8445e-01,5.8505e-05,5.8289e-05,4.5112e-05,9.1552e-05,8.8248e-03,2.4507e-03
78,1.8003e-01,5.7895e-05,5.7714e-05,4.4617e-05,8.9834e-05,8.6000e-03,2.3254e-03
79,1.7605e-01,5.7388e-05,5.7252e-05,4.4152e-05,8.8014e-05,8.3772e-03,2.2095e-03
80,1.7235e-01,5.6966e-05,5.6839e-05,4.3708e-05,8.6103e-05,8.1523e-03,2.1016e-03
81,1.6905e-01,5.6581e-05,5.6478e-05,4.3305e-05,8.4108e-05,7.9419e-03,2.0013e-03
82,1.6590e-01,5.6217e-05,5.6157e-05,4.2862e-05,8.2090e-05,7.7381e-03,1.9083e-03
83,1.6280e-01,5.5866e-05,5.5810e-05,4.2424e-05,8.0050e-05,7.5329e-03,1.8219e-03
84,1.5960e-01,5.5554e-05,5.5484e-05,4.2004e-05,7.8027e-05,7.3329e-03,1.7411e-03
85,1.5628e-01,5.5215e-05,5.5154e-05,4.1619e-05,7.6006e-05,7.1397e-03,1.6659e-03
86,1.5285e-01,5.4868e-05,5.4815e-05,4.1263e-05,7.4007e-05,6.9543e-03,1.5957e-03
87,1.4936e-01,5.4530e-05,5.4456e-05,4.0909e-05,7.2067e-05,6.7768e-03,1.5298e-03
88,1.4574e-01,5.4175e-05,5.4087e-05,4.0556e-05,7.0222e-05,6.6108e-03,1.4708e-03
89,1.4207e-01,5.3799e-05,5.3707e-05,4.0209e-05,6.8453e-05,6.4557e-03,1.4123e-03
90,1.3827e-01,5.3399e-05,5.3326e-05,3.9853e-05,6.6823e-05,6.3123e-03,1.3568e-03
91,1.3442e-01,5.2963e-05,5.2921e-05,3.9475e-05,6.5287e-05,6.1788e-03,1.3046e-03
92,1.3058e-01,5.2522e-05,5.2492e-05,3.9077e-05,6.3840e-05,6.0520e-03,1.2549e-03
93,1.2667e-01,5.2066e-05,5.2029e-05,3.8673e-05,6.2494e-05,5.9311e-03,1.2079e-03
94,1.2282e-01,5.1578e-05,5.1549e-05,3.8255e-05,6.1276e-05,5.8171e-03,1.1628e-03
95,1.1922e-01,5.1078e-05,5.1041e-05,3.7822e-05,6.0159e-05,5.7055e-03,1.1198e-03
96,1.1597e-01,5.0564e-05,5.0517e-05,3.7374e-05,5.9124e-05,5.6035e-03,1.0784e-03
97,1.1309e-01,5.0010e-05,4.9983e-05,3.6921e-05,5.8156e-05,5.5066e-03,1.0395e-03
98,1.1070e-01,4.9434e-05,4.9411e-05,3.6452e-05,5.7282e-05,5.4198e-03,1.0025e-03
99,1.0870e-01,4.8824e-05,4.8829e-05,3.5993e-05,5.6310e-05,5.3470e-03,9.6652e-04
100,1.0705e-01,4.8197e-05,4.8233e-05,3.5527e-05,5.5303e-05,5.2813e-03,9.3211e-04
101,1.0574e-01,4.7565e-05,4.7598e-05,3.5061e-05,5.4244e-05,5.2239e-03,8.9886e-04
102,1.0474e-01,4.6909e-05,4.6930e-05,3.4590e-05,5.3132e-05,5.1735e-03,8.6719e-04
103,1.0391e-01,4.6216e-05,4.6225e-05,3.4113e-05,5.1987e-05,5.1285e-03,8.3580e-04
104,1.0321e-01,4.5472e-05,4.5501e-05,3.3633e-05,5.0833e-05,5.0909e-03,8.0611e-04
105,1.0254e-01,4.4697e-05,4.4755e-05,3.3148e-05,4.9670e-05,5.0558e-03,7.7710e-04
106,1.0183e-01,4.3921e-05,4.4008e-05,3.2662e-05,4.8517e-05,5.0260e-03,7.5068e-04
107,1.0106e-01,4.3124e-05,4.3220e-05,3.2200e-05,4.7373e-05,4.9999e-03,7.2356e-04
108,1.0013e-01,4.2300e-05,4.2382e-05,3.1752e-05,4.6272e-05,4.9766e-03,6.9749e-04
109,9.9064e-02,4.1447e-05,4.1517e-05,3.1331e-05,4.5228e-05,4.9558e-03,6.7223e-04
110,9.7918e-02,4.0562e-05,4.0630e-05,3.0951e-05,4.4207e-05,4.9382e-03,6.4796e-04
111,9.6670e-02,3.9651e-05,3.9717e-05,3.0602e-05,4.3275e-05,4.9188e-03,6.2422e-04
112,9.5345e-02,3.8729e-05,3.8788e-05,3.0272e-05,4.2423e-05,4.9004e-03,6.0174e-04
113,9.3901e-02,3.7799e-05,3.7851e-05,2.9958e-05,4.1666e-05,4.8802e-03,5.8013e-04
114,9.2415e-02,3.6869e-05,3.6923e-05,2.9648e-05,4.0986e-05,4.8587e-03,5.5926e-04
115,9.0836e-02,3.5931e-05,3.5986e-05,2.9338e-05,4.0377e-05,4.8287e-03,5.3861e-04
116,8.9217e-02,3.4996e-05,3.5051e-05,2.9036e-05,3.9817e-05,4.7986e-03,5.1864e-04
117,8.7616e-02,3.4059e-05,3.4126e-05,2.8732e-05,3.9264e-05,4.7640e-03,4.9856e-04
118,8.5973e-02,3.3121e-05,3.3220e-05,2.8434e-05,3.8698e-05,4.7322e-03,4.7950e-04
119,8.4299e-02,3.2203e-05,3.2338e-05,2.8140e-05,3.8125e-05,4.6995e-03,4.6093e-04
120,8.2599e-02,3.1341e-05,3.1468e-05,2.7807e-05,3.7539e-05,4.6664e-03,4.4291e-04
121,8.0907e-02,3.0520e-05,3.0613e-05,2.7462e-05,3.6933e-05,4.6331e-03,4.2521e-04
122,7.9240e-02,2.9718e-05,2.9797e-05,2.7095e-05,3.6305e-05,4.6003e-03,4.0818e-04
123,7.7593e-02,2.8936e-05,2.9020e-05,2.6706e-05,3.5650e-05,4.5672e-03,3.9188e-04
124,7.5940e-02,2.8192e-05,2.8271e-05,2.6287e-05,3.4962e-05,4.5332e-03,3.7635e-04
125,7.4262e-02,2.7482e-05,2.7558e-05,2.5839e-05,3.4253e-05,4.4991e-03,3.6066e-04
126,7.2633e-02,2.6799e-05,2.6876e-05,2.5360e-05,3.3520e-05,4.4630e-03,3.4586e-04
127,7.1036e-02,2.6162e-05,2.6239e-05,2.4852e-05,3.2762e-05,4.4300e-03,3.3148e-04
128,6.9474e-02,2.5590e-05,2.5653e-05,2.4315e-05,3.1974e-05,4.3958e-03,3.1739e-04
129,6.7990e-02,2.5039e-05,2.5104e-05,2.3757e-05,3.1161e-05,4.3602e-03,3.0372e-04
130,6.6501e-02,2.4541e-05,2.4608e-05,2.3176e-05,3.0333e-05,4.3223e-03,2.9092e-04
131,6.5045e-02,2.4100e-05,2.4162e-05,2.2577e-05,2.9482e-05,4.2818e-03,2.7840e-04
132,6.3647e-02,2.3701e-05,2.3774e-05,2.1964e-05,2.8610e-05,4.2384e-03,2.6608e-04
133,6.2300e-02,2.3347e-05,2.3423e-05,2.1343e-05,2.7727e-05,4.1937e-03,2.5415e-04
134,6.1005e-02,2.3039e-05,2.3111e-05,2.0720e-05,2.6835e-05,4.1464e-03,2.4267e-04
135,5.9766e-02,2.2761e-05,2.2842e-05,2.0100e-05,2.5922e-05,4.0953e-03,2.3170e-04
136,5.8546e-02,2.2511e-05,2.2595e-05,1.9472e-05,2.5004e-05,4.0433e-03,2.2130e-04
137,5.7361e-02,2.2259e-05,2.2344e-05,1.8848e-05,2.4087e-05,3.9881e-03,2.1110e-04
138,5.6240e-02,2.1993e-05,2.2080e-05,1.8231e-05,2.3184e-05,3.9315e-03,2.0194e-04
139,5.5156e-02,2.1720e-05,2.1805e-05,1.7630e-05,2.2291e-05,3.8688e-03,1.9284e-04
140,5.4112e-02,2.1428e-05,2.1508e-05,1.7053e-05,2.1417e-05,3.8042e-03,1.8413e-04
141,5.3092e-02,2.1106e-05,2.1180e-05,1.6499e-05,2.0569e-05,3.7375e-03,1.7564e-04
142,5.2063e-02,2.0749e-05,2.0818e-05,1.5964e-05,1.9742e-05,3.6703e-03,1.6759e-04
143,5.1020e-02,2.0357e-05,2.0423e-05,1.5452e-05,1.8941e-05,3.6016e-03,1.5988e-04
144,4.9990e-02,1.9930e-05,1.9994e-05,1.4966e-05,1.8178e-05,3.5320e-03,1.5270e-04
145,4.8984e-02,1.9473e-05,1.9534e-05,1.4508e-05,1.7453e-05,3.4596e-03,1.4588e-04
146,4.7990e-02,1.8986e-05,1.9044e-05,1.4089e-05,1.6759e-05,3.3854e-03,1.3921e-04
147,4.6971e-02,1.8472e-05,1.8527e-05,1.3687e-05,1.6098e-05,3.3109e-03,1.3293e-04
148,4.5977e-02,1.7935e-05,1.7984e-05,1.3312e-05,1.5472e-05,3.2376e-03,1.2720e-04
149,4.5008e-02,1.7377e-05,1.7422e-05,1.2962e-05,1.4884e-05,3.1641e-03,1.2139e-04
150,4.4048e-02,1.6803e-05,1.6844e-05,1.2633e-05,1.4343e-05,3.0902e-03,1.1604e-04
151,4.3099e-02,1.6217e-05,1.6257e-05,1.2324e-05,1.3858e-05,3.0172e-03,1.1120e-04
152,4.2175e-02,1.5623e-05,1.5663e-05,1.2035e-05,1.3398e-05,2.9436e-03,1.0636e-04
153,4.1275e-02,1.5024e-05,1.5064e-05,1.1766e-05,1.2984e-05,2.8708e-03,1.0198e-04
154,4.0387e-02,1.4422e-05,1.4463e-05,1.1514e-05,1.2605e-05,2.8000e-03,9.7862e-05
155,3.9508e-02,1.3824e-05,1.3863e-05,1.1282e-05,1.2258e-05,2.7320e-03,9.4255e-05
156,3.8669e-02,1.3232e-05,1.3270e-05,1.1068e-05,1.1946e-05,2.6633e-03,9.0494e-05
157,3.7869e-02,1.2653e-05,1.2689e-05,1.0870e-05,1.1670e-05,2.5989e-03,8.7082e-05
158,3.7079e-02,1.2079e-05,1.2114e-05,1.0684e-05,1.1424e-05,2.5324e-03,8.3782e-05
159,3.6340e-02,1.1519e-05,1.1550e-05,1.0512e-05,1.1196e-05,2.4697e-03,8.0631e-05
160,3.5603e-02,1.0976e-05,1.1004e-05,1.0349e-05,1.0984e-05,2.4085e-03,7.7823e-05
161,3.4883e-02,1.0450e-05,1.0475e-05,1.0195e-05,1.0784e-05,2.3483e-03,7.5200e-05
162,3.4190e-02,9.9422e-06,9.9631e-06,1.0043e-05,1.0590e-05,2.2899e-03,7.2775e-05
163,3.3520e-02,9.4549e-06,9.4717e-06,9.8886e-06,1.0394e-05,2.2345e-03,7.0432e-05
164,3.2884e-02,8.9866e-06,9.0025e-06,9.7327e-06,1.0202e-05,2.1811e-03,6.8293e-05
165,3.2267e-02,8.5413e-06,8.5555e-06,9.5749e-06,1.0009e-05,2.1294e-03,6.6296e-05
166,3.1687e-02,8.1176e-06,8.1331e-06,9.4132e-06,9.8071e-06,2.0798e-03,6.6199e-05
167,3.1141e-02,7.7184e-06,7.7354e-06,9.2507e-06,9.6039e-06,2.0321e-03,6.3993e-05
168,3.0617e-02,7.3410e-06,7.3602e-06,9.0845e-06,9.3981e-06,1.9873e-03,6.2845e-05
169,3.0127e-02,6.9852e-06,7.0060e-06,8.9167e-06,9.1875e-06,1.9458e-03,6.2267e-05
170,2.9641e-02,6.6530e-06,6.6727e-06,8.7461e-06,8.9737e-06,1.9059e-03,6.0050e-05
171,2.9154e-02,6.3452e-06,6.3641e-06,8.5756e-06,8.7550e-06,1.8682e-03,5.9145e-05
172,2.8688e-02,6.0559e-06,6.0724e-06,8.4061e-06,8.5357e-06,1.8318e-03,5.7275e-05
173,2.8239e-02,5.7864e-06,5.7998e-06,8.2374e-06,8.3181e-06,1.7974e-03,5.5474e-05
174,2.7812e-02,5.5349e-06,5.5459e-06,8.0679e-06,8.1028e-06,1.7645e-03,5.4226e-05
175,2.7393e-02,5.3004e-06,5.3098e-06,7.8996e-06,7.8871e-06,1.7332e-03,5.2895e-05
176,2.7001e-02,5.0828e-06,5.0909e-06,7.7354e-06,7.6741e-06,1.7036e-03,5.1636e-05
177,2.6615e-02,4.8792e-06,4.8872e-06,7.5735e-06,7.4649e-06,1.6764e-03,5.0515e-05
178,2.6246e-02,4.6904e-06,4.6978e-06,7.4133e-06,7.2603e-06,1.6506e-03,4.9723e-05
179,2.5894e-02,4.5150e-06,4.5221e-06,7.2569e-06,7.0627e-06,1.6253e-03,4.8689e-05
180,2.5558e-02,4.3520e-06,4.3586e-06,7.1062e-06,6.8644e-06,1.6009e-03,4.7855e-05
181,2.5237e-02,4.2006e-06,4.2072e-06,6.9637e-06,6.6719e-06,1.5773e-03,4.6969e-05
182,2.4929e-02,4.0609e-06,4.0670e-06,6.8220e-06,6.4857e-06,1.5547e-03,4.7100e-05
183,2.4624e-02,3.9311e-06,3.9379e-06,6.6845e-06,6.3071e-06,1.5327e-03,4.7553e-05
184,2.4327e-02,3.8099e-06,3.8170e-06,6.5527e-06,6.1309e-06,1.5109e-03,4.6280e-05
185,2.4045e-02,3.6986e-06,3.7039e-06,6.4237e-06,5.9582e-06,1.4889e-03,4.5266e-05
186,2.3776e-02,3.5969e-06,3.5984e-06,6.2995e-06,5.7930e-06,1.4678e-03,4.4117e-05
187,2.3511e-02,3.5010e-06,3.5009e-06,6.1805e-06,5.6348e-06,1.4462e-03,4.2957e-05
188,2.3252e-02,3.4093e-06,3.4075e-06,6.0666e-06,5.4817e-06,1.4250e-03,4.3481e-05
189,2.2994e-02,3.3258e-06,3.3233e-06,5.9572e-06,5.3322e-06,1.4032e-03,4.2379e-05
190,2.2736e-02,3.2438e-06,3.2425e-06,5.8525e-06,5.1915e-06,1.3823e-03,4.1575e-05
191,2.2495e-02,3.1661e-06,3.1632e-06,5.7530e-06,5.0569e-06,1.3606e-03,4.2313e-05
192,2.2244e-02,3.0922e-06,3.0902e-06,5.6574e-06,4.9288e-06,1.3388e-03,4.1216e-05
193,2.1994e-02,3.0207e-06,3.0179e-06,5.5673e-06,4.8041e-06,1.3164e-03,4.0261e-05
194,2.1751e-02,2.9533e-06,2.9497e-06,5.4805e-06,4.6876e-06,1.2946e-03,3.9435e-05
195,2.1512e-02,2.8886e-06,2.8835e-06,5.3962e-06,4.5770e-06,1.2721e-03,3.8791e-05
196,2.1276e-02,2.8255e-06,2.8205e-06,5.3143e-06,4.4720e-06,1.2499e-03,3.8313e-05
197,2.1045e-02,2.7651e-06,2.7579e-06,5.2361e-06,4.3707e-06,1.2270e-03,3.7671e-05
198,2.0804e-02,2.7073e-06,2.6979e-06,5.1608e-06,4.2761e-06,1.2041e-03,3.7115e-05
199,2.0558e-02,2.6501e-06,2.6388e-06,5.0886e-06,4.1871e-06,1.1810e-03,3.6501e-05
200,2.0321e-02,2.5939e-06,2.5814e-06,5.0196e-06,4.1053e-06,1.1583e-03,3.6114e-05
201,2.0085e-02,2.5392e-06,2.5272e-06,4.9538e-06,4.0230e-06,1.1349e-03,3.5483e-05
202,1.9843e-02,2.4852e-06,2.4728e-06,4.8899e-06,3.9450e-06,1.1123e-03,3.5094e-05
203,1.9610e-02,2.4328e-06,2.4201e-06,4.8266e-06,3.8705e-06,1.0897e-03,3.4931e-05
204,1.9376e-02,2.3809e-06,2.3684e-06,4.7643e-06,3.8011e-06,1.0676e-03,3.4746e-05
205,1.9140e-02,2.3300e-06,2.3182e-06,4.7036e-06,3.7356e-06,1.0449e-03,3.4253e-05
206,1.8906e-02,2.2803e-06,2.2692e-06,4.6437e-06,3.6675e-06,1.0228e-03,3.3886e-05
207,1.8668e-02,2.2306e-06,2.2210e-06,4.5848e-06,3.6014e-06,1.0006e-03,3.3830e-05
208,1.8435e-02,2.1813e-06,2.1737e-06,4.5277e-06,3.5391e-06,9.7924e-04,3.3631e-05
209,1.8205e-02,2.1347e-06,2.1297e-06,4.4720e-06,3.4777e-06,9.5728e-04,3.3258e-05
210,1.7975e-02,2.0893e-06,2.0858e-06,4.4175e-06,3.4183e-06,9.3661e-04,3.3069e-05
211,1.7749e-02,2.0448e-06,2.0423e-06,4.3625e-06,3.3613e-06,9.1541e-04,3.2707e-05
212,1.7536e-02,2.0018e-06,2.0008e-06,4.3084e-06,3.3082e-06,8.9502e-04,3.2545e-05
213,1.7325e-02,1.9592e-06,1.9610e-06,4.2550e-06,3.2538e-06,8.7399e-04,3.2287e-05
214,1.7104e-02,1.9171e-06,1.9201e-06,4.2014e-06,3.2001e-06,8.5401e-04,3.2058e-05
215,1.6894e-02,1.8753e-06,1.8790e-06,4.1492e-06,3.1481e-06,8.3392e-04,3.1754e-05
216,1.6695e-02,1.8343e-06,1.8395e-06,4.0983e-06,3.1011e-06,8.1472e-04,3.1566e-05
217,1.6524e-02,1.7953e-06,1.8008e-06,4.0495e-06,3.0547e-06,7.9559e-04,3.1385e-05
218,1.6333e-02,1.7572e-06,1.7625e-06,4.0005e-06,3.0112e-06,7.7783e-04,3.1248e-05
219,1.6140e-02,1.7197e-06,1.7266e-06,3.9514e-06,2.9679e-06,7.5948e-04,3.1201e-05
220,1.5952e-02,1.6862e-06,1.6920e-06,3.9032e-06,2.9269e-06,7.4206e-04,3.1204e-05
221,1.5777e-02,1.6509e-06,1.6565e-06,3.8547e-06,2.8842e-06,7.2471e-04,3.1516e-05
222,1.5607e-02,1.6167e-06,1.6222e-06,3.8076e-06,2.8464e-06,7.0822e-04,3.1600e-05
223,1.5440e-02,1.5829e-06,1.5904e-06,3.7588e-06,2.8070e-06,6.9269e-04,3.3078e-05
224,1.5273e-02,1.5492e-06,1.5584e-06,3.7110e-06,2.7685e-06,6.7817e-04,3.3872e-05
225,1.5110e-02,1.5177e-06,1.5273e-06,3.6637e-06,2.7306e-06,6.6209e-04,3.2887e-05
226,1.4951e-02,1.4871e-06,1.4968e-06,3.6177e-06,2.6973e-06,6.4711e-04,3.1723e-05
227,1.4793e-02,1.4569e-06,1.4686e-06,3.5726e-06,2.6628e-06,6.3249e-04,3.0834e-05
228,1.4638e-02,1.4276e-06,1.4403e-06,3.5270e-06,2.6288e-06,6.1784e-04,3.0485e-05
229,1.4489e-02,1.4002e-06,1.4147e-06,3.4829e-06,2.5927e-06,6.0291e-04,3.0147e-05
230,1.4341e-02,1.3753e-06,1.3881e-06,3.4404e-06,2.5614e-06,5.8886e-04,2.9970e-05
231,1.4191e-02,1.3507e-06,1.3627e-06,3.4001e-06,2.5274e-06,5.7485e-04,2.9821e-05
232,1.4045e-02,1.3275e-06,1.3380e-06,3.3580e-06,2.4942e-06,5.6199e-04,2.9646e-05
233,1.3905e-02,1.3053e-06,1.3142e-06,3.3165e-06,2.4582e-06,5.4932e-04,2.9293e-05
234,1.3765e-02,1.2843e-06,1.2911e-06,3.2764e-06,2.4282e-06,5.3712e-04,2.9188e-05
235,1.3620e-02,1.2634e-06,1.2689e-06,3.2365e-06,2.3956e-06,5.2500e-04,2.9092e-05
236,1.3474e-02,1.2443e-06,1.2480e-06,3.1979e-06,2.3651e-06,5.1361e-04,2.8841e-05
237,1.3337e-02,1.2275e-06,1.2281e-06,3.1618e-06,2.3342e-06,5.0211e-04,2.8629e-05
238,1.3203e-02,1.2101e-06,1.2082e-06,3.1266e-06,2.3057e-06,4.9108e-04,2.8358e-05
239,1.3078e-02,1.1932e-06,1.1895e-06,3.0926e-06,2.2747e-06,4.8042e-04,2.8125e-05
240,1.2939e-02,1.1762e-06,1.1717e-06,3.0593e-06,2.2458e-06,4.7034e-04,2.8005e-05
241,1.2813e-02,1.1596e-06,1.1551e-06,3.0264e-06,2.2162e-06,4.6061e-04,2.7861e-05
242,1.2688e-02,1.1451e-06,1.1378e-06,2.9946e-06,2.1912e-06,4.5205e-04,2.8109e-05
243,1.2557e-02,1.1299e-06,1.1224e-06,2.9636e-06,2.1660e-06,4.4291e-04,2.7887e-05
244,1.2433e-02,1.1153e-06,1.1068e-06,2.9328e-06,2.1422e-06,4.3426e-04,2.7799e-05
245,1.2315e-02,1.1023e-06,1.0913e-06,2.9028e-06,2.1162e-06,4.2496e-04,2.7638e-05
246,1.2193e-02,1.0885e-06,1.0770e-06,2.8736e-06,2.0942e-06,4.1636e-04,2.7377e-05
247,1.2071e-02,1.0750e-06,1.0627e-06,2.8457e-06,2.0698e-06,4.0710e-04,2.7180e-05
248,1.1954e-02,1.0622e-06,1.0487e-06,2.8174e-06,2.0487e-06,3.9820e-04,2.6895e-05
249,1.1831e-02,1.0479e-06,1.0345e-06,2.7904e-06,2.0264e-06,3.8941e-04,2.6699e-05
250,1.1714e-02,1.0343e-06,1.0204e-06,2.7636e-06,2.0044e-06,3.8142e-04,2.6327e-05
251,1.1602e-02,1.0220e-06,1.0075e-06,2.7369e-06,1.9829e-06,3.7349e-04,2.6206e-05
252,1.1490e-02,1.0087e-06,9.9587e-07,2.7130e-06,1.9662e-06,3.6593e-04,2.6132e-05
253,1.1386e-02,9.9591e-07,9.8367e-07,2.6881e-06,1.9469e-06,3.5880e-04,2.6145e-05
254,1.1287e-02,9.8409e-07,9.7158e-07,2.6636e-06,1.9304e-06,3.5207e-04,2.6171e-05
255,1.1177e-02,9.7211e-07,9.5975e-07,2.6393e-06,1.9126e-06,3.4542e-04,2.6179e-05
256,1.1068e-02,9.6084e-07,9.4815e-07,2.6157e-06,1.8948e-06,3.3900e-04,2.5962e-05
257,1.0971e-02,9.4956e-07,9.3668e-07,2.5926e-06,1.8749e-06,3.3272e-04,2.5630e-05
258,1.0874e-02,9.3951e-07,9.2593e-07,2.5698e-06,1.8564e-06,3.2705e-04,2.5400e-05
259,1.0775e-02,9.2793e-07,9.1455e-07,2.5467e-06,1.8382e-06,3.2133e-04,2.5239e-05
260,1.0680e-02,9.1629e-07,9.0439e-07,2.5238e-06,1.8238e-06,3.1627e-04,2.5165e-05
261,1.0578e-02,9.0547e-07,8.9469e-07,2.5022e-06,1.8050e-06,3.1080e-04,2.4892e-05
262,1.0484e-02,8.9491e-07,8.8528e-07,2.4819e-06,1.7891e-06,3.0604e-04,2.4798e-05
263,1.0387e-02,8.8388e-07,8.7637e-07,2.4608e-06,1.7721e-06,3.0163e-04,2.4622e-05
264,1.0292e-02,8.7408e-07,8.6704e-07,2.4409e-06,1.7592e-06,2.9752e-04,2.4543e-05
265,1.0198e-02,8.6413e-07,8.5778e-07,2.4207e-06,1.7429e-06,2.9348e-04,2.4405e-05
266,1.0107e-02,8.5469e-07,8.4846e-07,2.4014e-06,1.7292e-06,2.9026e-04,2.4399e-05
267,1.0016e-02,8.4579e-07,8.4065e-07,2.3833e-06,1.7145e-06,2.8686e-04,2.4236e-05
268,9.9202e-03,8.3639e-07,8.3197e-07,2.3649e-06,1.7038e-06,2.8359e-04,2.4130e-05
269,9.8340e-03,8.2747e-07,8.2331e-07,2.3466e-06,1.6904e-06,2.8076e-04,2.4082e-05
270,9.7336e-03,8.1975e-07,8.1528e-07,2.3285e-06,1.6783e-06,2.7809e-04,2.4088e-05
271,9.6441e-03,8.1128e-07,8.0666e-07,2.3111e-06,1.6665e-06,2.7583e-04,2.3902e-05
272,9.5632e-03,8.0330e-07,7.9953e-07,2.2945e-06,1.6571e-06,2.7396e-04,2.4037e-05
273,9.4755e-03,7.9511e-07,7.9240e-07,2.2773e-06,1.6443e-06,2.7224e-04,2.4045e-05
274,9.3879e-03,7.8800e-07,7.8537e-07,2.2607e-06,1.6330e-06,2.7106e-04,2.4135e-05
275,9.3111e-03,7.8255e-07,7.7904e-07,2.2448e-06,1.6200e-06,2.6931e-04,2.4086e-05
276,9.2334e-03,7.7580e-07,7.7171e-07,2.2287e-06,1.6111e-06,2.6779e-04,2.3977e-05
277,9.1582e-03,7.6938e-07,7.6557e-07,2.2129e-06,1.5999e-06,2.6607e-04,2.4039e-05
278,9.0749e-03,7.6373e-07,7.5921e-07,2.1969e-06,1.5900e-06,2.6467e-04,2.3897e-05
279,9.0016e-03,7.5848e-07,7.5276e-07,2.1815e-06,1.5785e-06,2.6309e-04,2.3810e-05
280,8.9293e-03,7.5274e-07,7.4628e-07,2.1657e-06,1.5687e-06,2.6196e-04,2.3743e-05
281,8.8593e-03,7.4577e-07,7.3984e-07,2.1488e-06,1.5573e-06,2.6048e-04,2.3683e-05
282,8.7843e-03,7.4003e-07,7.3320e-07,2.1326e-06,1.5480e-06,2.5923e-04,2.3667e-05
283,8.7137e-03,7.3321e-07,7.2538e-07,2.1157e-06,1.5368e-06,2.5818e-04,2.3653e-05
284,8.6421e-03,7.2637e-07,7.1786e-07,2.0989e-06,1.5265e-06,2.5730e-04,2.3731e-05
285,8.5755e-03,7.1965e-07,7.1025e-07,2.0827e-06,1.5125e-06,2.5628e-04,2.3595e-05
286,8.5072e-03,7.1291e-07,7.0273e-07,2.0653e-06,1.5047e-06,2.5533e-04,2.3632e-05
287,8.4454e-03,7.0635e-07,6.9618e-07,2.0490e-06,1.4934e-06,2.5415e-04,2.3646e-05
288,8.3782e-03,6.9983e-07,6.8953e-07,2.0328e-06,1.4841e-06,2.5295e-04,2.3809e-05
289,8.3161e-03,6.9346e-07,6.8243e-07,2.0169e-06,1.4716e-06,2.5145e-04,2.3779e-05
290,8.2428e-03,6.8746e-07,6.7450e-07,2.0003e-06,1.4610e-06,2.5087e-04,2.3810e-05
291,8.1812e-03,6.8097e-07,6.6749e-07,1.9850e-06,1.4490e-06,2.5010e-04,2.3744e-05
292,8.1231e-03,6.7527e-07,6.6059e-07,1.9696e-06,1.4388e-06,2.4932e-04,2.3689e-05
293,8.0709e-03,6.6978e-07,6.5406e-07,1.9544e-06,1.4262e-06,2.4798e-04,2.3607e-05
294,8.0160e-03,6.6438e-07,6.4800e-07,1.9396e-06,1.4163e-06,2.4686e-04,2.3779e-05
295,7.9529e-03,6.5851e-07,6.4208e-07,1.9250e-06,1.4056e-06,2.4565e-04,2.3783e-05
296,7.8829e-03,6.5218e-07,6.3532e-07,1.9112e-06,1.3959e-06,2.4462e-04,2.3796e-05
297,7.8245e-03,6.4662e-07,6.2926e-07,1.8967e-06,1.3835e-06,2.4341e-04,2.3729e-05
298,7.7599e-03,6.4045e-07,6.2288e-07,1.8832e-06,1.3741e-06,2.4242e-04,2.3770e-05
299,7.7002e-03,6.3472e-07,6.1727e-07,1.8700e-06,1.3645e-06,2.4129e-04,2.3639e-05
300,7.6382e-03,6.2903e-07,6.1243e-07,1.8573e-06,1.3567e-06,2.4008e-04,2.3581e-05
301,7.5770e-03,6.2292e-07,6.0695e-07,1.8445e-06,1.3452e-06,2.3885e-04,2.3463e-05
302,7.5176e-03,6.1847e-07,6.0153e-07,1.8328e-06,1.3372e-06,2.3791e-04,2.3569e-05
303,7.4571e-03,6.1295e-07,5.9748e-07,1.8209e-06,1.3292e-06,2.3698e-04,2.3704e-05
304,7.3911e-03,6.0749e-07,5.9343e-07,1.8087e-06,1.3246e-06,2.3604e-04,2.4017e-05
305,7.3303e-03,6.0320e-07,5.8836e-07,1.7968e-06,1.3167e-06,2.3520e-04,2.4089e-05
306,7.2636e-03,5.9805e-07,5.8367e-07,1.7847e-06,1.3112e-06,2.3453e-04,2.4220e-05
307,7.2005e-03,5.9304e-07,5.8000e-07,1.7723e-06,1.3042e-06,2.3347e-04,2.4171e-05
308,7.1433e-03,5.8844e-07,5.7700e-07,1.7606e-06,1.2987e-06,2.3270e-04,2.4122e-05
309,7.0832e-03,5.8346e-07,5.7363e-07,1.7488e-06,1.2905e-06,2.3140e-04,2.3810e-05
310,7.0204e-03,5.7903e-07,5.7021e-07,1.7361e-06,1.2826e-06,2.3006e-04,2.3607e-05
311,6.9602e-03,5.7485e-07,5.6618e-07,1.7232e-06,1.2748e-06,2.2857e-04,2.3415e-05
312,6.8954e-03,5.6995e-07,5.6269e-07,1.7107e-06,1.2695e-06,2.2720e-04,2.3253e-05
313,6.8277e-03,5.6525e-07,5.5862e-07,1.6999e-06,1.2611e-06,2.2591e-04,2.3046e-05
314,6.7633e-03,5.6062e-07,5.5467e-07,1.6874e-06,1.2545e-06,2.2487e-04,2.2994e-05
315,6.7004e-03,5.5783e-07,5.5165e-07,1.6740e-06,1.2476e-06,2.2365e-04,2.2964e-05
316,6.6379e-03,5.5355e-07,5.4844e-07,1.6609e-06,1.2407e-06,2.2271e-04,2.2993e-05
317,6.5761e-03,5.4897e-07,5.4466e-07,1.6470e-06,1.2320e-06,2.2180e-04,2.2969e-05
318,6.5128e-03,5.4388e-07,5.4069e-07,1.6327e-06,1.2249e-06,2.2094e-04,2.3146e-05
319,6.4508e-03,5.3844e-07,5.3672e-07,1.6183e-06,1.2156e-06,2.1996e-04,2.3234e-05
320,6.3966e-03,5.3436e-07,5.3296e-07,1.6042e-06,1.2092e-06,2.1936e-04,2.3394e-05
321,6.3398e-03,5.2944e-07,5.2907e-07,1.5902e-06,1.2024e-06,2.1841e-04,2.3367e-05
322,6.2813e-03,5.2362e-07,5.2472e-07,1.5763e-06,1.1959e-06,2.1788e-04,2.3580e-05
323,6.2280e-03,5.1958e-07,5.2042e-07,1.5620e-06,1.1891e-06,2.1721e-04,2.3780e-05
324,6.1727e-03,5.1490e-07,5.1686e-07,1.5490e-06,1.1830e-06,2.1664e-04,2.3858e-05
325,6.1203e-03,5.0977e-07,5.1287e-07,1.5357e-06,1.1754e-06,2.1545e-04,2.3764e-05
326,6.0719e-03,5.0598e-07,5.0907e-07,1.5227e-06,1.1706e-06,2.1458e-04,2.3731e-05
327,6.0238e-03,5.0068e-07,5.0512e-07,1.5097e-06,1.1631e-06,2.1371e-04,2.3656e-05
328,5.9754e-03,4.9516e-07,5.0125e-07,1.4973e-06,1.1574e-06,2.1296e-04,2.3827e-05
329,5.9255e-03,4.9152e-07,4.9642e-07,1.4848e-06,1.1510e-06,2.1200e-04,2.3789e-05
330,5.8653e-03,4.8695e-07,4.9150e-07,1.4723e-06,1.1460e-06,2.1121e-04,2.3808e-05
331,5.8097e-03,4.8191e-07,4.8707e-07,1.4598e-06,1.1418e-06,2.1026e-04,2.3799e-05
332,5.7586e-03,4.7742e-07,4.8183e-07,1.4471e-06,1.1368e-06,2.0901e-04,2.3726e-05
333,5.7083e-03,4.7226e-07,4.7742e-07,1.4346e-06,1.1296e-06,2.0837e-04,2.3553e-05
334,5.6546e-03,4.6708e-07,4.7199e-07,1.4217e-06,1.1251e-06,2.0778e-04,2.3514e-05
335,5.6065e-03,4.6290e-07,4.6820e-07,1.4092e-06,1.1207e-06,2.0721e-04,2.3532e-05
336,5.5623e-03,4.5837e-07,4.6326e-07,1.3965e-06,1.1182e-06,2.0670e-04,2.3642e-05
337,5.5129e-03,4.5405e-07,4.5812e-07,1.3847e-06,1.1129e-06,2.0608e-04,2.3544e-05
338,5.4548e-03,4.5031e-07,4.5382e-07,1.3722e-06,1.1083e-06,2.0565e-04,2.3614e-05
339,5.4052e-03,4.4517e-07,4.4984e-07,1.3606e-06,1.1056e-06,2.0510e-04,2.3527e-05
340,5.3512e-03,4.4008e-07,4.4438e-07,1.3484e-06,1.1050e-06,2.0418e-04,2.3627e-05
341,5.3036e-03,4.3591e-07,4.3904e-07,1.3360e-06,1.1008e-06,2.0337e-04,2.3626e-05
342,5.2510e-03,4.3183e-07,4.3405e-07,1.3249e-06,1.0982e-06,2.0263e-04,2.3714e-05
343,5.2070e-03,4.2701e-07,4.3048e-07,1.3134e-06,1.0942e-06,2.0175e-04,2.3670e-05
344,5.1494e-03,4.2180e-07,4.2485e-07,1.3012e-06,1.0916e-06,2.0130e-04,2.3361e-05
345,5.0997e-03,4.1808e-07,4.1983e-07,1.2895e-06,1.0867e-06,2.0039e-04,2.3100e-05
346,5.0436e-03,4.1438e-07,4.1581e-07,1.2783e-06,1.0849e-06,1.9976e-04,2.2971e-05
347,4.9962e-03,4.1048e-07,4.1167e-07,1.2681e-06,1.0841e-06,1.9901e-04,2.2825e-05
348,4.9430e-03,4.0695e-07,4.0757e-07,1.2566e-06,1.0848e-06,1.9828e-04,2.2546e-05
349,4.8942e-03,4.0330e-07,4.0394e-07,1.2457e-06,1.0831e-06,1.9728e-04,2.2345e-05
350,4.8428e-03,4.0038e-07,3.9985e-07,1.2345e-06,1.0836e-06,1.9666e-04,2.2303e-05
351,4.7966e-03,3.9789e-07,3.9652e-07,1.2244e-06,1.0846e-06,1.9574e-04,2.2104e-05
352,4.7467e-03,3.9449e-07,3.9354e-07,1.2144e-06,1.0858e-06,1.9479e-04,2.1960e-05
353,4.6968e-03,3.9194e-07,3.8977e-07,1.2036e-06,1.0851e-06,1.9400e-04,2.1802e-05
354,4.6473e-03,3.8955e-07,3.8615e-07,1.1933e-06,1.0858e-06,1.9350e-04,2.1916e-05
355,4.6056e-03,3.8752e-07,3.8392e-07,1.1829e-06,1.0872e-06,1.9255e-04,2.1898e-05
356,4.5608e-03,3.8564e-07,3.8242e-07,1.1730e-06,1.0922e-06,1.9218e-04,2.2029e-05
357,4.5165e-03,3.8367e-07,3.8012e-07,1.1630e-06,1.0933e-06,1.9121e-04,2.1911e-05
358,4.4682e-03,3.8195e-07,3.7741e-07,1.1533e-06,1.0950e-06,1.9081e-04,2.2053e-05
359,4.4262e-03,3.8007e-07,3.7544e-07,1.1428e-06,1.0957e-06,1.8970e-04,2.1952e-05
360,4.3791e-03,3.7780e-07,3.7401e-07,1.1318e-06,1.0982e-06,1.8904e-04,2.1967e-05
361,4.3361e-03,3.7589e-07,3.7225e-07,1.1217e-06,1.0983e-06,1.8804e-04,2.1953e-05
362,4.2914e-03,3.7393e-07,3.7004e-07,1.1119e-06,1.0987e-06,1.8670e-04,2.1949e-05
363,4.2493e-03,3.7302e-07,3.6980e-07,1.1022e-06,1.1003e-06,1.8529e-04,2.1828e-05
364,4.2043e-03,3.7179e-07,3.6887e-07,1.0924e-06,1.1043e-06,1.8420e-04,2.1728e-05
365,4.1717e-03,3.7142e-07,3.6754e-07,1.0829e-06,1.1051e-06,1.8295e-04,2.1513e-05
366,4.1252e-03,3.7114e-07,3.6575e-07,1.0737e-06,1.1062e-06,1.8184e-04,2.1458e-05
367,4.0800e-03,3.6996e-07,3.6592e-07,1.0648e-06,1.1063e-06,1.8048e-04,2.1379e-05
368,4.0450e-03,3.6921e-07,3.6472e-07,1.0555e-06,1.1091e-06,1.7951e-04,2.1566e-05
369,4.0065e-03,3.6875e-07,3.6320e-07,1.0464e-06,1.1105e-06,1.7834e-04,2.1421e-05
370,3.9733e-03,3.6821e-07,3.6205e-07,1.0372e-06,1.1139e-06,1.7737e-04,2.1622e-05
371,3.9426e-03,3.6758e-07,3.6282e-07,1.0291e-06,1.1146e-06,1.7595e-04,2.1379e-05
372,3.8991e-03,3.6750e-07,3.6160e-07,1.0209e-06,1.1167e-06,1.7469e-04,2.1126e-05
373,3.8649e-03,3.6680e-07,3.6053e-07,1.0128e-06,1.1187e-06,1.7321e-04,2.0964e-05
374,3.8301e-03,3.6638e-07,3.5934e-07,1.0041e-06,1.1231e-06,1.7199e-04,2.0876e-05
375,3.7989e-03,3.6569e-07,3.5908e-07,9.9657e-07,1.1259e-06,1.7048e-04,2.0797e-05
376,3.7683e-03,3.6471e-07,3.5946e-07,9.8792e-07,1.1301e-06,1.6915e-04,2.0731e-05
377,3.7460e-03,3.6537e-07,3.5891e-07,9.8038e-07,1.1320e-06,1.6769e-04,2.0695e-05
378,3.7087e-03,3.6507e-07,3.5816e-07,9.7274e-07,1.1350e-06,1.6659e-04,2.0704e-05
379,3.6784e-03,3.6414e-07,3.5709e-07,9.6488e-07,1.1360e-06,1.6541e-04,2.0675e-05
380,3.6512e-03,3.6349e-07,3.5647e-07,9.5680e-07,1.1398e-06,1.6437e-04,2.0635e-05
381,3.6272e-03,3.6257e-07,3.5674e-07,9.4906e-07,1.1431e-06,1.6351e-04,2.0592e-05
382,3.5993e-03,3.6282e-07,3.5674e-07,9.4131e-07,1.1484e-06,1.6241e-04,2.0553e-05
383,3.5740e-03,3.6281e-07,3.5656e-07,9.3415e-07,1.1531e-06,1.6132e-04,2.0470e-05
384,3.5500e-03,3.6251e-07,3.5678e-07,9.2641e-07,1.1570e-06,1.6037e-04,2.0310e-05
385,3.5213e-03,3.6260e-07,3.5574e-07,9.1823e-07,1.1588e-06,1.5934e-04,2.0047e-05
386,3.4928e-03,3.6302e-07,3.5539e-07,9.1082e-07,1.1627e-06,1.5877e-04,1.9887e-05
387,3.4645e-03,3.6224e-07,3.5536e-07,9.0374e-07,1.1653e-06,1.5779e-04,1.9752e-05
388,3.4367e-03,3.6159e-07,3.5553e-07,8.9636e-07,1.1693e-06,1.5686e-04,1.9729e-05
389,3.4178e-03,3.6248e-07,3.5573e-07,8.8925e-07,1.1724e-06,1.5619e-04,1.9496e-05
390,3.3954e-03,3.6262e-07,3.5568e-07,8.8279e-07,1.1793e-06,1.5566e-04,1.9252e-05
391,3.3692e-03,3.6300e-07,3.5617e-07,8.7573e-07,1.1830e-06,1.5492e-04,1.9118e-05
392,3.3373e-03,3.6274e-07,3.5645e-07,8.6771e-07,1.1869e-06,1.5446e-04,1.9131e-05
393,3.3172e-03,3.6210e-07,3.5580e-07,8.5994e-07,1.1886e-06,1.5390e-04,1.9044e-05
394,3.2893e-03,3.6217e-07,3.5547e-07,8.5328e-07,1.1927e-06,1.5329e-04,1.9107e-05
395,3.2683e-03,3.6187e-07,3.5493e-07,8.4640e-07,1.1931e-06,1.5255e-04,1.8930e-05
396,3.2402e-03,3.6158e-07,3.5459e-07,8.4064e-07,1.1953e-06,1.5205e-04,1.8894e-05
397,3.2168e-03,3.6111e-07,3.5359e-07,8.3404e-07,1.1945e-06,1.5171e-04,1.8775e-05
398,3.1904e-03,3.6076e-07,3.5304e-07,8.2755e-07,1.1988e-06,1.5129e-04,1.8898e-05
399,3.1730e-03,3.6068e-07,3.5176e-07,8.2062e-07,1.2001e-06,1.5072e-04,1.8956e-05
400,3.1536e-03,3.5947e-07,3.5109e-07,8.1374e-07,1.2015e-06,1.5058e-04,1.9232e-05
401,3.1378e-03,3.5799e-07,3.5007e-07,8.0706e-07,1.2010e-06,1.5020e-04,1.9284e-05
402,3.1210e-03,3.5744e-07,3.4955e-07,8.0069e-07,1.2038e-06,1.4997e-04,1.9428e-05
403,3.1037e-03,3.5626e-07,3.4849e-07,7.9465e-07,1.2043e-06,1.4939e-04,1.9460e-05
404,3.0833e-03,3.5494e-07,3.4733e-07,7.8781e-07,1.2032e-06,1.4870e-04,1.9307e-05
405,3.0726e-03,3.5444e-07,3.4661e-07,7.8212e-07,1.2001e-06,1.4779e-04,1.9294e-05
406,3.0565e-03,3.5294e-07,3.4482e-07,7.7619e-07,1.2013e-06,1.4727e-04,1.9348e-05
407,3.0527e-03,3.5153e-07,3.4416e-07,7.7072e-07,1.2029e-06,1.4648e-04,1.9307e-05
408,3.0381e-03,3.5085e-07,3.4308e-07,7.6487e-07,1.2026e-06,1.4571e-04,1.9312e-05
409,3.0212e-03,3.4909e-07,3.4220e-07,7.5900e-07,1.2006e-06,1.4504e-04,1.9323e-05
410,3.0138e-03,3.4733e-07,3.4018e-07,7.5334e-07,1.2004e-06,1.4483e-04,1.9549e-05
411,3.0022e-03,3.4604e-07,3.3907e-07,7.4794e-07,1.1966e-06,1.4426e-04,1.9500e-05
412,2.9867e-03,3.4389e-07,3.3759e-07,7.4178e-07,1.1945e-06,1.4379e-04,1.9571e-05
413,2.9774e-03,3.4179e-07,3.3554e-07,7.3563e-07,1.1877e-06,1.4331e-04,1.9492e-05
414,2.9635e-03,3.4069e-07,3.3341e-07,7.2977e-07,1.1842e-06,1.4311e-04,1.9614e-05
415,2.9555e-03,3.3794e-07,3.3126e-07,7.2423e-07,1.1815e-06,1.4229e-04,1.9654e-05
416,2.9461e-03,3.3506e-07,3.2978e-07,7.1872e-07,1.1820e-06,1.4182e-04,1.9741e-05
417,2.9374e-03,3.3262e-07,3.2852e-07,7.1308e-07,1.1768e-06,1.4138e-04,1.9892e-05
418,2.9258e-03,3.3181e-07,3.2559e-07,7.0834e-07,1.1737e-06,1.4140e-04,2.0151e-05
419,2.9112e-03,3.2959e-07,3.2220e-07,7.0326e-07,1.1691e-06,1.4097e-04,2.0282e-05
420,2.8934e-03,3.2692e-07,3.2036e-07,6.9712e-07,1.1669e-06,1.4056e-04,2.0291e-05
421,2.8846e-03,3.2426e-07,3.1732e-07,6.9110e-07,1.1609e-06,1.4017e-04,2.0262e-05
422,2.8720e-03,3.2157e-07,3.1519e-07,6.8515e-07,1.1555e-06,1.4019e-04,2.0597e-05
423,2.8557e-03,3.1846e-07,3.1250e-07,6.8049e-07,1.1516e-06,1.4022e-04,2.0997e-05
424,2.8432e-03,3.1659e-07,3.0952e-07,6.7520e-07,1.1510e-06,1.4019e-04,2.1295e-05
425,2.8350e-03,3.1425e-07,3.0748e-07,6.6990e-07,1.1462e-06,1.3989e-04,2.1176e-05
426,2.8118e-03,3.1188e-07,3.0531e-07,6.6535e-07,1.1438e-06,1.3968e-04,2.1046e-05
427,2.8026e-03,3.0972e-07,3.0233e-07,6.6057e-07,1.1397e-06,1.3938e-04,2.1069e-05
428,2.7846e-03,3.0734e-07,3.0003e-07,6.5651e-07,1.1361e-06,1.3923e-04,2.0928e-05
429,2.7684e-03,3.0469e-07,2.9824e-07,6.5129e-07,1.1305e-06,1.3902e-04,2.0654e-05
430,2.7582e-03,3.0282e-07,2.9553e-07,6.4755e-07,1.1252e-06,1.3901e-04,2.0832e-05
431,2.7285e-03,2.9951e-07,2.9181e-07,6.4218e-07,1.1194e-06,1.3914e-04,2.0932e-05
432,2.7096e-03,2.9668e-07,2.8990e-07,6.3800e-07,1.1160e-06,1.3959e-04,2.1115e-05
433,2.6904e-03,2.9405e-07,2.8681e-07,6.3405e-07,1.1096e-06,1.3943e-04,2.1088e-05
434,2.6646e-03,2.9157e-07,2.8390e-07,6.2927e-07,1.1031e-06,1.3942e-04,2.1155e-05
435,2.6431e-03,2.8809e-07,2.8065e-07,6.2547e-07,1.0972e-06,1.3838e-04,2.0967e-05
436,2.6240e-03,2.8550e-07,2.7736e-07,6.2107e-07,1.0930e-06,1.3782e-04,2.0785e-05
437,2.6065e-03,2.8214e-07,2.7384e-07,6.1663e-07,1.0856e-06,1.3735e-04,2.0915e-05
438,2.5861e-03,2.7945e-07,2.7033e-07,6.1265e-07,1.0812e-06,1.3718e-04,2.1100e-05
439,2.5751e-03,2.7613e-07,2.6746e-07,6.0844e-07,1.0733e-06,1.3675e-04,2.1158e-05
440,2.5473e-03,2.7249e-07,2.6431e-07,6.0391e-07,1.0655e-06,1.3644e-04,2.0781e-05
441,2.5255e-03,2.6929e-07,2.6192e-07,5.9991e-07,1.0569e-06,1.3626e-04,2.0711e-05
442,2.5058e-03,2.6673e-07,2.5883e-07,5.9510e-07,1.0524e-06,1.3621e-04,2.0722e-05
443,2.4879e-03,2.6397e-07,2.5574e-07,5.9020e-07,1.0446e-06,1.3583e-04,2.0753e-05
444,2.4638e-03,2.6060e-07,2.5322e-07,5.8573e-07,1.0380e-06,1.3557e-04,2.0792e-05
445,2.4440e-03,2.5724e-07,2.5071e-07,5.8043e-07,1.0291e-06,1.3548e-04,2.0809e-05
446,2.4239e-03,2.5451e-07,2.4773e-07,5.7529e-07,1.0230e-06,1.3559e-04,2.0913e-05
447,2.4088e-03,2.5068e-07,2.4680e-07,5.7049e-07,1.0138e-06,1.3528e-04,2.0850e-05
448,2.3866e-03,2.4820e-07,2.4380e-07,5.6568e-07,1.0065e-06,1.3535e-04,2.0666e-05
449,2.3696e-03,2.4568e-07,2.4185e-07,5.6041e-07,9.9717e-07,1.3526e-04,2.0536e-05
450,2.3503e-03,2.4342e-07,2.3985e-07,5.5597e-07,9.9148e-07,1.3539e-04,2.0670e-05
451,2.3338e-03,2.4088e-07,2.3799e-07,5.5142e-07,9.8530e-07,1.3514e-04,2.0551e-05
452,2.3142e-03,2.3865e-07,2.3714e-07,5.4612e-07,9.8051e-07,1.3533e-04,2.0705e-05
453,2.3025e-03,2.3646e-07,2.3602e-07,5.4105e-07,9.7271e-07,1.3548e-04,2.0597e-05
454,2.2811e-03,2.3492e-07,2.3316e-07,5.3610e-07,9.6552e-07,1.3576e-04,2.0780e-05
455,2.2625e-03,2.3298e-07,2.3094e-07,5.3031e-07,9.5613e-07,1.3596e-04,2.0614e-05
456,2.2449e-03,2.3081e-07,2.2996e-07,5.2560e-07,9.4887e-07,1.3632e-04,2.0576e-05
457,2.2359e-03,2.2910e-07,2.2909e-07,5.2063e-07,9.4141e-07,1.3640e-04,2.0663e-05
458,2.2217e-03,2.2909e-07,2.2644e-07,5.1538e-07,9.3441e-07,1.3668e-04,2.0648e-05
459,2.2018e-03,2.2712e-07,2.2477e-07,5.1112e-07,9.2749e-07,1.3665e-04,2.0743e-05
460,2.1855e-03,2.2557e-07,2.2366e-07,5.0603e-07,9.2148e-07,1.3675e-04,2.0879e-05
461,2.1794e-03,2.2503e-07,2.2277e-07,5.0133e-07,9.1366e-07,1.3715e-04,2.1125e-05
462,2.1630e-03,2.2411e-07,2.2241e-07,4.9709e-07,9.0914e-07,1.3786e-04,2.1356e-05
463,2.1517e-03,2.2387e-07,2.2136e-07,4.9261e-07,9.0122e-07,1.3819e-04,2.1659e-05
464,2.1280e-03,2.2238e-07,2.2032e-07,4.8723e-07,8.9461e-07,1.3884e-04,2.1518e-05
465,2.1152e-03,2.2182e-07,2.1967e-07,4.8268e-07,8.8468e-07,1.3922e-04,2.1154e-05
466,2.1005e-03,2.2170e-07,2.1911e-07,4.7825e-07,8.7780e-07,1.3954e-04,2.1067e-05
467,2.0854e-03,2.2042e-07,2.1786e-07,4.7337e-07,8.7128e-07,1.3945e-04,2.0815e-05
468,2.0710e-03,2.2042e-07,2.1777e-07,4.6914e-07,8.6692e-07,1.3940e-04,2.0692e-05
469,2.0543e-03,2.2031e-07,2.1763e-07,4.6521e-07,8.5949e-07,1.3923e-04,2.0653e-05
470,2.0381e-03,2.2031e-07,2.1707e-07,4.6062e-07,8.5505e-07,1.3940e-04,2.0378e-05
471,2.0279e-03,2.1972e-07,2.1736e-07,4.5624e-07,8.4804e-07,1.3873e-04,2.0017e-05
472,2.0019e-03,2.1928e-07,2.1701e-07,4.5245e-07,8.4331e-07,1.3862e-04,1.9897e-05
473,1.9913e-03,2.1985e-07,2.1666e-07,4.4832e-07,8.3426e-07,1.3868e-04,1.9749e-05
474,1.9697e-03,2.1959e-07,2.1598e-07,4.4467e-07,8.2839e-07,1.3896e-04,1.9669e-05
475,1.9549e-03,2.1987e-07,2.1583e-07,4.4141e-07,8.2220e-07,1.3887e-04,1.9747e-05
476,1.9386e-03,2.1949e-07,2.1583e-07,4.3777e-07,8.1988e-07,1.3900e-04,1.9668e-05
477,1.9295e-03,2.1966e-07,2.1592e-07,4.3417e-07,8.1506e-07,1.3900e-04,1.9743e-05
478,1.9128e-03,2.2082e-07,2.1628e-07,4.3118e-07,8.1249e-07,1.3890e-04,1.9981e-05
479,1.8986e-03,2.2093e-07,2.1765e-07,4.2768e-07,8.0668e-07,1.3870e-04,1.9793e-05
480,1.8857e-03,2.2050e-07,2.1791e-07,4.2432e-07,8.0384e-07,1.3872e-04,1.9778e-05
481,1.8722e-03,2.2139e-07,2.1812e-07,4.2108e-07,7.9696e-07,1.3876e-04,1.9871e-05
482,1.8538e-03,2.2154e-07,2.1797e-07,4.1793e-07,7.9237e-07,1.3928e-04,2.0097e-05
483,1.8450e-03,2.2133e-07,2.1832e-07,4.1502e-07,7.8597e-07,1.3904e-04,1.9878e-05
484,1.8291e-03,2.2239e-07,2.1895e-07,4.1177e-07,7.8387e-07,1.3906e-04,1.9884e-05
485,1.8159e-03,2.2216e-07,2.1890e-07,4.0812e-07,7.7909e-07,1.3893e-04,1.9620e-05
486,1.8010e-03,2.2225e-07,2.2002e-07,4.0536e-07,7.7745e-07,1.3890e-04,1.9511e-05
487,1.7888e-03,2.2310e-07,2.2027e-07,4.0263e-07,7.7311e-07,1.3893e-04,1.9558e-05
488,1.7768e-03,2.2274e-07,2.2022e-07,3.9979e-07,7.6985e-07,1.3881e-04,1.9353e-05
489,1.7686e-03,2.2164e-07,2.2020e-07,3.9589e-07,7.6418e-07,1.3864e-04,1.9162e-05
490,1.7587e-03,2.2175e-07,2.2096e-07,3.9298e-07,7.6024e-07,1.3873e-04,1.9216e-05
491,1.7460e-03,2.2172e-07,2.2055e-07,3.9001e-07,7.5525e-07,1.3871e-04,1.8964e-05
492,1.7320e-03,2.2185e-07,2.2085e-07,3.8669e-07,7.5243e-07,1.3849e-04,1.8862e-05
493,1.7229e-03,2.2143e-07,2.2106e-07,3.8385e-07,7.4858e-07,1.3868e-04,1.8951e-05
494,1.7117e-03,2.2128e-07,2.2161e-07,3.8152e-07,7.4705e-07,1.3930e-04,1.9230e-05
495,1.7096e-03,2.2195e-07,2.2211e-07,3.7848e-07,7.4482e-07,1.3968e-04,1.9353e-05
496,1.6962e-03,2.2085e-07,2.2198e-07,3.7591e-07,7.4402e-07,1.3966e-04,1.9533e-05
497,1.6997e-03,2.2054e-07,2.2215e-07,3.7319e-07,7.3854e-07,1.3958e-04,1.9391e-05
498,1.6811e-03,2.2101e-07,2.2218e-07,3.7027e-07,7.3482e-07,1.3935e-04,1.9110e-05
499,1.6736e-03,2.2018e-07,2.2150e-07,3.6804e-07,7.2978e-07,1.3891e-04,1.8921e-05
500,1.6614e-03,2.1943e-07,2.2124e-07,3.6532e-07,7.2661e-07,1.3883e-04,1.8731e-05
501,1.6626e-03,2.1968e-07,2.2114e-07,3.6302e-07,7.2364e-07,1.3875e-04,1.8749e-05
502,1.6530e-03,2.1963e-07,2.2039e-07,3.6172e-07,7.2345e-07,1.3880e-04,1.8616e-05
503,1.6447e-03,2.1837e-07,2.1969e-07,3.5883e-07,7.1961e-07,1.3846e-04,1.8373e-05
504,1.6393e-03,2.1711e-07,2.1844e-07,3.5598e-07,7.1757e-07,1.3834e-04,1.8245e-05
505,1.6395e-03,2.1622e-07,2.2009e-07,3.5379e-07,7.1204e-07,1.3819e-04,1.8125e-05
506,1.6268e-03,2.1531e-07,2.1791e-07,3.5136e-07,7.0830e-07,1.3836e-04,1.8042e-05
507,1.6102e-03,2.1398e-07,2.1641e-07,3.4890e-07,7.0572e-07,1.3827e-04,1.7873e-05
508,1.6055e-03,2.1226e-07,2.1602e-07,3.4711e-07,7.0681e-07,1.3814e-04,1.8065e-05
509,1.6125e-03,2.1115e-07,2.1499e-07,3.4504e-07,7.0292e-07,1.3785e-04,1.8119e-05
510,1.6030e-03,2.1059e-07,2.1477e-07,3.4358e-07,6.9999e-07,1.3793e-04,1.8160e-05
511,1.5911e-03,2.0893e-07,2.1282e-07,3.4200e-07,6.9745e-07,1.3748e-04,1.8190e-05
512,1.5790e-03,2.0690e-07,2.1122e-07,3.3942e-07,6.9756e-07,1.3774e-04,1.8128e-05
513,1.5746e-03,2.0502e-07,2.0927e-07,3.3709e-07,6.9480e-07,1.3741e-04,1.7972e-05
514,1.5606e-03,2.0354e-07,2.0728e-07,3.3524e-07,6.9510e-07,1.3739e-04,1.8061e-05
515,1.5600e-03,2.0248e-07,2.0626e-07,3.3306e-07,6.9274e-07,1.3712e-04,1.8177e-05
516,1.5472e-03,2.0047e-07,2.0533e-07,3.3098e-07,6.9188e-07,1.3692e-04,1.8190e-05
517,1.5437e-03,1.9863e-07,2.0284e-07,3.2886e-07,6.8846e-07,1.3652e-04,1.8124e-05
518,1.5318e-03,1.9723e-07,2.0057e-07,3.2678e-07,6.8800e-07,1.3648e-04,1.8023e-05
519,1.5275e-03,1.9580e-07,1.9846e-07,3.2497e-07,6.8828e-07,1.3628e-04,1.7951e-05
520,1.5200e-03,1.9395e-07,1.9657e-07,3.2241e-07,6.9140e-07,1.3617e-04,1.8067e-05
521,1.5188e-03,1.9227e-07,1.9511e-07,3.2020e-07,6.8994e-07,1.3589e-04,1.7992e-05
522,1.5029e-03,1.9073e-07,1.9327e-07,3.1860e-07,6.8930e-07,1.3575e-04,1.8013e-05
523,1.4976e-03,1.8932e-07,1.9193e-07,3.1643e-07,6.8944e-07,1.3543e-04,1.7878e-05
524,1.4876e-03,1.8753e-07,1.9045e-07,3.1388e-07,6.9377e-07,1.3564e-04,1.7944e-05
525,1.4815e-03,1.8616e-07,1.8856e-07,3.1132e-07,6.9229e-07,1.3583e-04,1.8059e-05
526,1.4701e-03,1.8563e-07,1.8656e-07,3.0949e-07,6.9121e-07,1.3648e-04,1.8505e-05
527,1.4623e-03,1.8418e-07,1.8435e-07,3.0665e-07,6.9036e-07,1.3628e-04,1.8411e-05
528,1.4506e-03,1.8225e-07,1.8249e-07,3.0417e-07,6.9317e-07,1.3610e-04,1.8415e-05
529,1.4492e-03,1.8109e-07,1.8116e-07,3.0217e-07,6.9204e-07,1.3584e-04,1.8522e-05
530,1.4366e-03,1.7991e-07,1.8017e-07,2.9945e-07,6.9113e-07,1.3586e-04,1.8409e-05
531,1.4262e-03,1.7791e-07,1.7781e-07,2.9687e-07,6.9001e-07,1.3540e-04,1.8417e-05
532,1.4206e-03,1.7671e-07,1.7637e-07,2.9456e-07,6.9343e-07,1.3537e-04,1.8305e-05
533,1.4177e-03,1.7516e-07,1.7475e-07,2.9222e-07,6.9030e-07,1.3531e-04,1.8338e-05
534,1.4008e-03,1.7367e-07,1.7292e-07,2.8941e-07,6.8631e-07,1.3501e-04,1.8189e-05
535,1.3897e-03,1.7192e-07,1.7105e-07,2.8715e-07,6.8354e-07,1.3487e-04,1.8281e-05
536,1.3810e-03,1.7063e-07,1.6969e-07,2.8417e-07,6.8552e-07,1.3493e-04,1.8332e-05
537,1.3777e-03,1.6963e-07,1.6941e-07,2.8185e-07,6.8244e-07,1.3503e-04,1.8280e-05
538,1.3603e-03,1.6844e-07,1.6729e-07,2.7906e-07,6.8080e-07,1.3518e-04,1.8404e-05
539,1.3488e-03,1.6683e-07,1.6565e-07,2.7631e-07,6.7619e-07,1.3510e-04,1.8302e-05
540,1.3385e-03,1.6502e-07,1.6439e-07,2.7392e-07,6.7650e-07,1.3508e-04,1.8223e-05
541,1.3357e-03,1.6311e-07,1.6266e-07,2.7183e-07,6.7389e-07,1.3494e-04,1.8117e-05
542,1.3258e-03,1.6213e-07,1.6052e-07,2.6914e-07,6.6987e-07,1.3522e-04,1.8188e-05
543,1.3212e-03,1.5996e-07,1.5889e-07,2.6682e-07,6.6559e-07,1.3532e-04,1.8179e-05
544,1.3212e-03,1.5882e-07,1.5860e-07,2.6506e-07,6.6490e-07,1.3526e-04,1.8238e-05
545,1.3180e-03,1.5774e-07,1.5722e-07,2.6329e-07,6.6123e-07,1.3512e-04,1.8268e-05
546,1.3014e-03,1.5673e-07,1.5551e-07,2.6215e-07,6.6059e-07,1.3550e-04,1.8402e-05
547,1.2944e-03,1.5591e-07,1.5428e-07,2.6089e-07,6.5774e-07,1.3549e-04,1.8534e-05
548,1.2868e-03,1.5432e-07,1.5323e-07,2.5917e-07,6.5776e-07,1.3538e-04,1.8590e-05
549,1.2854e-03,1.5275e-07,1.5204e-07,2.5766e-07,6.5388e-07,1.3554e-04,1.8515e-05
550,1.2764e-03,1.5171e-07,1.5066e-07,2.5672e-07,6.4911e-07,1.3558e-04,1.8614e-05
551,1.2707e-03,1.5042e-07,1.5031e-07,2.5566e-07,6.4498e-07,1.3558e-04,1.8377e-05
552,1.2665e-03,1.4974e-07,1.4906e-07,2.5453e-07,6.4392e-07,1.3533e-04,1.8206e-05
553,1.2651e-03,1.4846e-07,1.4799e-07,2.5416e-07,6.4056e-07,1.3504e-04,1.8263e-05
554,1.2495e-03,1.4780e-07,1.4671e-07,2.5343e-07,6.3686e-07,1.3499e-04,1.8354e-05
555,1.2374e-03,1.4643e-07,1.4591e-07,2.5264e-07,6.3245e-07,1.3480e-04,1.8300e-05
556,1.2273e-03,1.4529e-07,1.4540e-07,2.5186e-07,6.3102e-07,1.3503e-04,1.8484e-05
557,1.2226e-03,1.4510e-07,1.4456e-07,2.5061e-07,6.2542e-07,1.3522e-04,1.8657e-05
558,1.2083e-03,1.4430e-07,1.4463e-07,2.4995e-07,6.2072e-07,1.3577e-04,1.8913e-05
559,1.2025e-03,1.4333e-07,1.4355e-07,2.4916e-07,6.1601e-07,1.3540e-04,1.8766e-05
560,1.1899e-03,1.4242e-07,1.4250e-07,2.4821e-07,6.1597e-07,1.3542e-04,1.8714e-05
561,1.1911e-03,1.4126e-07,1.4139e-07,2.4712e-07,6.0947e-07,1.3505e-04,1.8529e-05
562,1.1792e-03,1.4154e-07,1.4127e-07,2.4617e-07,6.0691e-07,1.3501e-04,1.8463e-05
563,1.1703e-03,1.4062e-07,1.3995e-07,2.4482e-07,6.0161e-07,1.3470e-04,1.8340e-05
564,1.1615e-03,1.3926e-07,1.3908e-07,2.4313e-07,5.9937e-07,1.3476e-04,1.8494e-05
565,1.1546e-03,1.3903e-07,1.3907e-07,2.4187e-07,5.9335e-07,1.3435e-04,1.8502e-05
566,1.1383e-03,1.3861e-07,1.3736e-07,2.4020e-07,5.8775e-07,1.3450e-04,1.8604e-05
567,1.1318e-03,1.3738e-07,1.3630e-07,2.3890e-07,5.8202e-07,1.3421e-04,1.8521e-05
568,1.1290e-03,1.3711e-07,1.3594e-07,2.3752e-07,5.8081e-07,1.3436e-04,1.8533e-05
569,1.1225e-03,1.3649e-07,1.3525e-07,2.3603e-07,5.7372e-07,1.3424e-04,1.8631e-05
570,1.1069e-03,1.3576e-07,1.3361e-07,2.3474e-07,5.6919e-07,1.3437e-04,1.8780e-05
571,1.1002e-03,1.3516e-07,1.3298e-07,2.3286e-07,5.6363e-07,1.3418e-04,1.8924e-05
572,1.0947e-03,1.3496e-07,1.3318e-07,2.3125e-07,5.6187e-07,1.3426e-04,1.8880e-05
573,1.0986e-03,1.3385e-07,1.3351e-07,2.2965e-07,5.5500e-07,1.3418e-04,1.8883e-05
574,1.0834e-03,1.3378e-07,1.3260e-07,2.2844e-07,5.4859e-07,1.3465e-04,1.8990e-05
575,1.0718e-03,1.3259e-07,1.3128e-07,2.2608e-07,5.4346e-07,1.3464e-04,1.8893e-05
576,1.0686e-03,1.3244e-07,1.3064e-07,2.2393e-07,5.4082e-07,1.3484e-04,1.8890e-05
577,1.0652e-03,1.3133e-07,1.3022e-07,2.2281e-07,5.3294e-07,1.3469e-04,1.8609e-05
578,1.0590e-03,1.3101e-07,1.3026e-07,2.2125e-07,5.3028e-07,1.3515e-04,1.8606e-05
579,1.0529e-03,1.3021e-07,1.2909e-07,2.1913e-07,5.2365e-07,1.3513e-04,1.8400e-05
580,1.0488e-03,1.3005e-07,1.2853e-07,2.1731e-07,5.2213e-07,1.3482e-04,1.8429e-05
581,1.0475e-03,1.2900e-07,1.2751e-07,2.1582e-07,5.1630e-07,1.3461e-04,1.8381e-05
582,1.0398e-03,1.2825e-07,1.2724e-07,2.1395e-07,5.0967e-07,1.3461e-04,1.8361e-05
583,1.0372e-03,1.2804e-07,1.2640e-07,2.1211e-07,5.0346e-07,1.3452e-04,1.8391e-05
584,1.0294e-03,1.2724e-07,1.2512e-07,2.0959e-07,5.0071e-07,1.3464e-04,1.8535e-05
585,1.0347e-03,1.2625e-07,1.2506e-07,2.0834e-07,4.9381e-07,1.3458e-04,1.8503e-05
586,1.0299e-03,1.2646e-07,1.2517e-07,2.0695e-07,4.9213e-07,1.3457e-04,1.8431e-05
587,1.0346e-03,1.2548e-07,1.2342e-07,2.0460e-07,4.8709e-07,1.3443e-04,1.8243e-05
588,1.0207e-03,1.2393e-07,1.2228e-07,2.0242e-07,4.8173e-07,1.3477e-04,1.8324e-05
589,1.0148e-03,1.2336e-07,1.2162e-07,2.0043e-07,4.7590e-07,1.3494e-04,1.8361e-05
590,1.0047e-03,1.2253e-07,1.2066e-07,1.9826e-07,4.7122e-07,1.3486e-04,1.8378e-05
591,1.0072e-03,1.2180e-07,1.2028e-07,1.9582e-07,4.6630e-07,1.3452e-04,1.8231e-05
592,9.9910e-04,1.2143e-07,1.2058e-07,1.9392e-07,4.6569e-07,1.3408e-04,1.8037e-05
